{"mean": [0.5422357320785522, 0.5034515261650085, 0.49635425209999084], "std": [0.40316540002822876, 0.39340198040008545, 0.3892141580581665]}