{"mean": [0.713739812374115, 0.6627991795539856, 0.6518916487693787], "std": [0.2969885468482971, 0.3017076551914215, 0.2979130446910858]}